Stations,,,
Jurong East,MRT,,Jurong East MRT
Bukit Batok,MRT,,
Bukit Gombak,MRT,,
Choa Chu Kang,MRT,,
Yew Tee,MRT,,
Kranji,MRT,,
Marsiling,MRT,,
Woodlands,MRT,,
Admiralty,MRT,,
Sembawang,MRT,,
Canberra,MRT,,
Yishun,MRT,,
Khatib,MRT,,
Yio Chu Kang,MRT,,
Ang Mo Kio,MRT,,
Bishan,MRT,,
Braddell,MRT,,
Toa Payoh,MRT,,
Novena,MRT,,
Newton,MRT,,
Orchard,MRT,,
Somerset,MRT,,
Dhoby Ghaut,MRT,,
City Hall,MRT,,
Raffles Place,MRT,,
Marina Bay,MRT,,
Marina South Pier,MRT,,
Pasir Ris,MRT,,
Tampines,MRT,,
Simei,MRT,,
Tanah Merah,MRT,,
Bedok,MRT,,
Kembangan,MRT,,
Eunos,MRT,,
Paya Lebar,MRT,,
Aljunied,MRT,,
Kallang,MRT,,
Lavender,MRT,,
Bugis,MRT,,
Tanjong Pagar,MRT,,
Outram Park,MRT,,
Tiong Bahru,MRT,,
Redhill,MRT,,
Queenstown,MRT,,
Commonwealth,MRT,,
Buona Vista,MRT,,
Dover,MRT,,
Clementi,MRT,,
Chinese Garden,MRT,,
Lakeside,MRT,,
Boon Lay,MRT,,
Pioneer,MRT,,
Joo Koon,MRT,,
Gul Circle,MRT,,
Tuas Crescent,MRT,,
Tuas West Road,MRT,,
Tuas Link,MRT,,
Expo,MRT,,
Changi Airport,MRT,,
HarbourFront,MRT,,
Chinatown,MRT,,
Clarke Quay,MRT,,
Little India,MRT,,
Farrer Park,MRT,,
Boon Keng,MRT,,
Potong Pasir,MRT,,
Woodleigh,MRT,,
Serangoon,MRT,,
Kovan,MRT,,
Hougang,MRT,,
Buangkok,MRT,,
Sengkang,MRT,,
Punggol,MRT,,
Bras Basah,MRT,,
Esplanade,MRT,,
Promenade,MRT,,
Bayfront,MRT,,
Nicoll Highway,MRT,,
Stadium,MRT,,
Mountbatten,MRT,,
Dakota,MRT,,
MacPherson,MRT,,
Tai Seng,MRT,,
Bartley,MRT,,
Lorong Chuan,MRT,,
Marymount,MRT,,
Caldecott,MRT,,
Botanic Gardens,MRT,,
Farrer Road,MRT,,
Holland Village,MRT,,
one-north,MRT,,
Kent Ridge,MRT,,
Haw Par Villa,MRT,,
Pasir Panjang,MRT,,
Labrador Park,MRT,,
Telok Blangah,MRT,,
Bukit Panjang,MRT,,
Cashew,MRT,,
Hillview,MRT,,
Beauty World,MRT,,
King Albert Park,MRT,,
Sixth Avenue,MRT,,
Tan Kah Kee,MRT,,
Stevens,MRT,,
Rochor,MRT,,
Downtown,MRT,,
Telok Ayer,MRT,,
Fort Canning,MRT,,
Bencoolen,MRT,,
Jalan Besar,MRT,,
Bendemeer,MRT,,
Geylang Bahru,MRT,,
Mattar,MRT,,
Ubi,MRT,,
Kaki Bukit,MRT,,
Bedok North,MRT,,
Bedok Reservoir,MRT,,
Tampines West,MRT,,
Tampines East,MRT,,
Upper Changi,MRT,,
Woodlands North,MRT,,
Woodlands South,MRT,,
Springleaf,MRT,,
Lentor,MRT,,
Mayflower,MRT,,
Bright Hill,MRT,,
Upper Thomson,MRT,,
Napier,MRT,,
Orchard Boulevard,MRT,,
Great World,MRT,,
Havelock,MRT,,
Maxwell,MRT,,
Shenton Way,MRT,,
Marina South,MRT,,
Gardens by the Bay,MRT,,
South View,MRT,,
Keat Hong,MRT,,
Teck Whye,MRT,,
Phoenix,MRT,,
Senja,MRT,,
Jelapang,MRT,,
Segar,MRT,,
Fajar,MRT,,
Bangkit,MRT,,
Pending,MRT,,
Petir,MRT,,
Renjong,MRT,,
Tongkang,MRT,,
Layar,MRT,,
Fernvale,MRT,,
Thanggam,MRT,,
Kupang,MRT,,
Farmway,MRT,,
Cheng Lim,MRT,,
Compassvale,MRT,,
Rumbia,MRT,,
Bakau,MRT,,
Kangkar,MRT,,
Ranggung,MRT,,
Soo Teck,MRT,,
Sumang,MRT,,
Nibong,MRT,,
Samudera,MRT,,
Punggol Point,MRT,,
Sam Kee,MRT,,
Damai,MRT,,
Oasis,MRT,,
Kadaloor,MRT,,
Riviera,MRT,,
Coral Edge,MRT,,
Meridian,MRT,,
Cove,MRT,,
